"rank","word_es","word_en","explicacion"
1,"Ser (presente)","I am, you are, he is, we are, you are, they are","Verbo irregular en presente. Cambia dependiendo de la persona."
2,"Yo","I","'I' siempre se escribe en mayúscula en inglés, incluso si no está al principio de la oración."
3,"Tú","You (singular)","'You' se usa tanto para singular como para plural. Aquí es singular."
4,"Él","He","Pronombre personal masculino."
5,"Ella","She","Pronombre personal femenino."
6,"Nosotros","We","Se refiere a un grupo de personas que incluye al hablante."
7,"Ellos","They","Pronombre usado para referirse a un grupo de personas."
8,"Hola","Hello","Saludo común."
9,"Adiós","Goodbye","Forma de despedirse."
10,"Gracias","Thank you","Expresión para dar las gracias."
11,"Por favor","Please","Se utiliza para hacer una petición educada."
12,"Sí","Yes","Se usa para afirmar."
13,"No","No","Negación, igual que en español."
14,"Tener (presente)","I have, you have, he/she has, we have, you have, they have","Verbo irregular en tercera persona del singular ('he/she has')."
15,"Libro","Book","Sustantivo común."
16,"Casa","House","Sustantivo común."
17,"Perro","Dog","Sustantivo común."
18,"Gato","Cat","Sustantivo común."
19,"Agua","Water","Sustantivo incontable en inglés."
20,"Comida","Food","Sustantivo incontable."
21,"Ir (presente)","I go, you go, he/she goes, we go, you go, they go","Verbo irregular en tercera persona del singular ('he/she goes')."
22,"Escuela","School","Sustantivo común."
23,"Trabajo","Work","Puede ser verbo o sustantivo. Aquí es un sustantivo."
24,"Amigo","Friend","Sustantivo común."
25,"Familia","Family","Sustantivo común."
26,"Yo soy estudiante","I am a student","'A' es el artículo indefinido en singular."
27,"Él tiene un perro","He has a dog","'Has' es la forma de 'have' en tercera persona del singular."
28,"Nosotros vamos a la escuela","We go to school","Verbo 'go' en presente simple."
29,"Comer (presente)","I eat, you eat, he/she eats, we eat, you eat, they eat","Verbo regular, con 's' en tercera persona del singular."
30,"Manzana","Apple","Sustantivo común."
31,"Pan","Bread","Sustantivo incontable."
32,"Leche","Milk","Sustantivo incontable."
33,"Ella come una manzana","She eats an apple","El verbo 'eat' lleva 's' en tercera persona del singular."
34,"Ellos tienen leche","They have milk","No se usa el artículo 'a' porque 'milk' es incontable."
35,"Hablar (presente)","I speak, you speak, he/she speaks, we speak, you speak, they speak","Verbo regular con 's' en tercera persona del singular."
36,"Inglés","English","Se refiere al idioma, siempre se escribe con mayúscula en inglés."
37,"Español","Spanish","Idioma, siempre con mayúscula en inglés."
38,"Idioma","Language","Sustantivo común."
39,"Yo hablo español","I speak Spanish","No se usa el artículo 'the' para los idiomas en inglés."
40,"Nosotros aprendemos inglés","We learn English","No se usa el artículo 'the' antes de los idiomas."
41,"Hacer (presente)","I do/make, you do/make, he/she does/makes, we do/make, you do/make, they do/make","'Does' en tercera persona del singular."
42,"Tarea","Homework","Sustantivo incontable."
43,"Ejercicio","Exercise","Puede ser verbo o sustantivo. Aquí es sustantivo."
44,"Trabajo","Work (noun)","Sustantivo común."
45,"Él hace su tarea","He does his homework","'Does' es la forma de 'do' en tercera persona del singular."
46,"Ellas hacen ejercicio","They do exercise","'Do' es el auxiliar usado en presente."
47,"Ver (presente)","I see, you see, he/she sees, we see, you see, they see","Verbo regular con 's' en tercera persona del singular."
48,"Televisión","Television","Sustantivo común."
49,"Película","Movie","Sustantivo común."
50,"Nosotros vemos una película","We watch a movie","'Watch' se usa para películas y programas de TV."
51,"Escribir (presente)","I write, you write, he/she writes, we write, you write, they write","Verbo regular con 's' en tercera persona del singular."
52,"Lápiz","Pencil","Sustantivo común."
53,"Papel","Paper","Sustantivo incontable."
54,"Carta","Letter","Sustantivo común."
55,"Ella escribe una carta","She writes a letter","El verbo 'write' lleva 's' en tercera persona del singular."
56,"Leer (presente)","I read, you read, he/she reads, we read, you read, they read","Verbo regular con 's' en tercera persona del singular."
57,"Revista","Magazine","Sustantivo común."
58,"Periódico","Newspaper","Sustantivo común."
59,"Ellos leen el periódico","They read the newspaper","Se usa 'the' porque se refiere a algo específico."
60,"Jugar (presente)","I play, you play, he/she plays, we play, you play, they play","Verbo regular con 's' en tercera persona del singular."
61,"Fútbol","Soccer","Sustantivo común."
62,"Baloncesto","Basketball","Sustantivo común."
63,"Nosotros jugamos fútbol","We play soccer","En inglés americano se usa 'soccer' en lugar de 'football'."
64,"Comprar (presente)","I buy, you buy, he/she buys, we buy, you buy, they buy","Verbo regular con 's' en tercera persona del singular."
65,"Tienda","Store","Sustantivo común."
66,"Ropa","Clothes","Sustantivo plural, siempre se usa en plural en inglés."
67,"Ella compra ropa nueva","She buys new clothes","El verbo 'buy' lleva 's' en tercera persona del singular."
68,"Vender (presente)","I sell, you sell, he/she sells, we sell, you sell, they sell","Verbo regular con 's' en tercera persona del singular."
69,"Carro","Car","Sustantivo común."
70,"Bicicleta","Bicycle","Sustantivo común."
71,"Él vende su carro viejo","He sells his old car","El verbo 'sell' lleva 's' en tercera persona del singular."
72,"Trabajar (presente)","I work, you work, he/she works, we work, you work, they work","Verbo regular con 's' en tercera persona del singular."
73,"Oficina","Office","Sustantivo común."
74,"Empresa","Company","Sustantivo común."
75,"Ellos trabajan en una oficina grande","They work in a big office","El verbo 'work' es regular."
76,"Estudiar (presente)","I study, you study, he/she studies, we study, you study, they study","Verbo regular con cambio de 'y' a 'ies' en tercera persona del singular."
77,"Universidad","University","Sustantivo común."
78,"Examen","Exam","Sustantivo común."
79,"Yo estudio para el examen","I study for the exam","'Study' es regular en presente simple."
80,"Cocinar (presente)","I cook, you cook, he/she cooks, we cook, you cook, they cook","Verbo regular con 's' en tercera persona del singular."
81,"Cocina","Kitchen","Sustantivo común."
82,"Receta","Recipe","Sustantivo común."
83,"Ella cocina una nueva receta","She cooks a new recipe","El verbo 'cook' lleva 's' en tercera persona del singular."
84,"Dormir (presente)","I sleep, you sleep, he/she sleeps, we sleep, you sleep, they sleep","Verbo regular con 's' en tercera persona del singular."
85,"Cama","Bed","Sustantivo común."
86,"Almohada","Pillow","Sustantivo común."
87,"El niño duerme en su cama","The boy sleeps in his bed","El verbo 'sleep' lleva 's' en tercera persona del singular."
88,"Caminar (presente)","I walk, you walk, he/she walks, we walk, you walk, they walk","Verbo regular con 's' en tercera persona del singular."
89,"Parque","Park","Sustantivo común."
90,"Calle","Street","Sustantivo común."
91,"Nosotros caminamos en el parque","We walk in the park","'Walk' es un verbo regular."
92,"Correr (presente)","I run, you run, he/she runs, we run, you run, they run","Verbo regular con 's' en tercera persona del singular."
93,"Maratón","Marathon","Sustantivo común."
94,"Ellos corren un maratón","They run a marathon","'Run' es regular en presente simple."
95,"Nadar (presente)","I swim, you swim, he/she swims, we swim, you swim, they swim","Verbo regular con 's' en tercera persona del singular."
96,"Piscina","Pool","Sustantivo común."
97,"Playa","Beach","Sustantivo común."
98,"Yo nado en la piscina","I swim in the pool","'Swim' es un verbo regular en presente simple."
99,"Cantar (presente)","I sing, you sing, he/she sings, we sing, you sing, they sing","Verbo regular con 's' en tercera persona del singular."
100,"Canción","Song","Sustantivo común."
101,"Bailar (presente)","I dance, you dance, he/she dances, we dance, you dance, they dance","Presta atención a la conjugación del verbo; 'he/she' cambia la terminación."
102,"Música","Music","En inglés, 'music' es singular y no tiene forma plural."
103,"Fiesta","Party","El significado puede variar según el contexto; 'party' puede ser 'fiesta' o 'grupo'."
104,"Ellos bailan en la fiesta","They dance at the party","La preposición 'at' indica un lugar específico."
105,"Escuchar (presente)","I listen, you listen, he/she listens, we listen, you listen, they listen","Recuerda que 'listen' no lleva preposición directamente."
106,"Radio","Radio","El término es el mismo en ambas lenguas, pero la pronunciación puede variar."
107,"Ella escucha la radio","She listens to the radio","La preposición 'to' es necesaria para conectar el verbo con el objeto."
108,"Viajar (presente)","I travel, you travel, he/she travels, we travel, you travel, they travel","El verbo 'travel' es regular pero su pronunciación puede cambiar."
109,"Avión","Airplane","'Airplane' es un término específico en inglés; a veces se usa 'plane'."
110,"Tren","Train","El término es idéntico en ambas lenguas, fácil de recordar."
111,"Nosotros viajamos en avión","We travel by plane","El orden de las palabras es importante; 'we' precede al verbo."
112,"Conducir (presente)","I drive, you drive, he/she drives, we drive, you drive, they drive","Ten cuidado con la forma del verbo en tiempos compuestos."
113,"Autobús","Bus","La palabra 'bus' es la misma, pero su uso puede variar según el país."
114,"Taxi","Taxi","El término 'taxi' es un anglicismo, usado universalmente."
115,"Él conduce un taxi","He drives a taxi","La estructura es similar, pero la pronunciación puede ser complicada."
116,"Aprender (presente)","I learn, you learn, he/she learns, we learn, you learn, they learn","El verbo 'learn' tiene formas irregulares en pasado."
117,"Lección","Lesson","'Lesson' es un término común en el contexto educativo."
118,"Profesor","Teacher","En inglés, 'teacher' se refiere a cualquier docente, sin distinción de nivel."
119,"Yo aprendo una nueva lección","I learn a new lesson","El uso de 'a' es importante para indicar un nuevo objeto."
120,"Enseñar (presente)","I teach, you teach, he/she teaches, we teach, you teach, they teach","Ten en cuenta la conjugación, especialmente en tercera persona."
121,"Clase","Class","El término 'class' puede referirse a un grupo o a una lección."
122,"Estudiante","Student","La palabra 'student' se refiere a cualquier persona que estudia."
123,"Ella enseña inglés a los estudiantes","She teaches English to the students","El uso de 'to' es necesario para conectar el verbo con el objeto."
124,"Vivir (presente)","I live, you live, he/she lives, we live, you live, they live","Recuerda las diferencias de pronunciación en las formas verbales."
125,"Apartamento","Apartment","La palabra 'apartment' es específica y no tiene un equivalente directo en algunos países."
126,"Ciudad","City","'City' es un término común, pero su uso puede variar por región."
127,"Ellos viven en una gran ciudad","They live in a big city","La estructura es similar, pero el adjetivo 'big' debe ir antes del sustantivo."
128,"Pagar (presente)","I pay, you pay, he/she pays, we pay, you pay, they pay","La conjugación en presente es regular, pero el pasado puede ser irregular."
129,"Dinero","Money","La palabra 'money' es siempre singular en inglés."
130,"Cuenta","Bill","Ten en cuenta que 'bill' se refiere a una cuenta de pago."
131,"Nosotros pagamos la cuenta","We pay the bill","El orden de las palabras es importante; 'we' va antes del verbo."
132,"Llamar (presente)","I call, you call, he/she calls, we call, you call, they call","El verbo 'call' puede llevar diferentes significados según el contexto."
133,"Teléfono","Phone","'Phone' se usa comúnmente para referirse a teléfonos móviles o fijos."
134,"Número","Number","Recuerda que 'number' se refiere a cualquier cifra."
135,"Él llama a su amigo","He calls his friend","La estructura de la oración es similar, pero el uso de 'to' es importante."
136,"Enviar (presente)","I send, you send, he/she sends, we send, you send, they send","El verbo 'send' es irregular en el pasado."
137,"Correo electrónico","Email","La palabra 'email' se usa en lugar de 'electronic mail'."
138,"Mensaje","Message","'Message' se refiere a cualquier tipo de comunicación escrita o verbal."
139,"Yo envío un correo electrónico","I send an email","El uso de 'an' antes de 'email' es necesario debido a la pronunciación."
140,"Recibir (presente)","I receive, you receive, he/she receives, we receive, you receive, they receive","Ten cuidado con la forma del pasado de 'receive'."
141,"Paquete","Package","'Package' se refiere a un objeto envuelto para enviar o entregar."
142,"Regalo","Gift","'Gift' puede referirse a un presente o a un talento, dependiendo del contexto."
143,"Ella recibe un regalo","She receives a gift","La estructura es similar, pero 'receives' es la forma correcta."
144,"Abrir (presente)","I open, you open, he/she opens, we open, you open, they open","La forma del verbo es regular, pero su uso puede variar."
145,"Puerta","Door","'Door' se refiere a cualquier entrada, pero puede tener diferentes contextos."
146,"Ventana","Window","'Window' se usa de manera similar en inglés y español."
147,"Ellos abren las ventanas","They open the windows","Recuerda la importancia del plural en inglés."
148,"Cerrar (presente)","I close, you close, he/she closes, we close, you close, they close","El verbo 'close' es regular, pero ten cuidado con el contexto."
149,"Tienda","Shop","'Shop' puede referirse a una tienda o un lugar para comprar."
150,"La tienda cierra a las 9","The shop closes at 9","El uso de 'at' es importante para indicar tiempo específico."
151,"Comenzar (presente)","I start, you start, he/she starts, we start, you start, they start","La conjugación puede ser complicada en diferentes tiempos."
152,"Proyecto","Project","'Project' se refiere a un trabajo o tarea específica."
153,"Nosotros comenzamos un nuevo proyecto","We start a new project","La estructura de la oración es similar, pero el uso de 'a' es necesario."
154,"Terminar (presente)","I finish, you finish, he/she finishes, we finish, you finish, they finish","Recuerda que 'finish' tiene un pasado irregular."
155,"Tarea","Task","'Task' se refiere a una tarea específica, pero puede variar en uso."
156,"Él termina su tarea","He finishes his task","El uso de 'his' es esencial para indicar posesión."
157,"Olvidar (presente)","I forget, you forget, he/she forgets, we forget, you forget, they forget","'Forget' es un verbo irregular en pasado."
158,"Llaves","Keys","'Keys' es el plural de 'key', refiriéndose a múltiples llaves."
159,"Yo olvido mis llaves","I forget my keys","El uso de 'my' es necesario para indicar posesión."
160,"Recordar (presente)","I remember, you remember, he/she remembers, we remember, you remember, they remember","'Remember' también es irregular en pasado."
161,"Cumpleaños","Birthday","'Birthday' se refiere a la celebración del nacimiento de alguien."
162,"Ella recuerda mi cumpleaños","She remembers my birthday","El uso de 'my' es necesario para indicar posesión."
163,"Pensar (presente)","I think, you think, he/she thinks, we think, you think, they think","Ten cuidado con la conjugación en pasado; es irregular."
164,"Idea","Idea","'Idea' es similar en ambas lenguas, pero puede variar su uso."
165,"Ellos piensan en una buena idea","They think of a good idea","El uso de 'of' es esencial en este contexto."
166,"Saber (presente)","I know, you know, he/she knows, we know, you know, they know","Recuerda que 'know' es irregular en pasado."
167,"Respuesta","Answer","'Answer' se refiere a una respuesta o solución a una pregunta."
168,"Nosotros sabemos la respuesta","We know the answer","La estructura es similar, pero 'the' es importante para especificar."
169,"Creer (presente)","I believe, you believe, he/she believes, we believe, you believe, they believe","Recuerda que 'believe' también tiene una forma irregular en pasado."
170,"Historia","Story","'Story' puede referirse a un relato o una historia."
171,"Yo creo su historia","I believe his story","El uso de 'his' es necesario para indicar posesión."
172,"Sentir (presente)","I feel, you feel, he/she feels, we feel, you feel, they feel","Recuerda que 'feel' tiene un pasado irregular."
173,"Emoción","Emotion","'Emotion' se refiere a cualquier sentimiento o estado emocional."
174,"Él se siente feliz","He feels happy","El uso de 'happy' es importante para expresar el estado emocional."
175,"Gustar (presente)","I like, you like, he/she likes, we like, you like, they like","La construcción es diferente en inglés, se usa 'like' para expresar preferencia."
176,"Comida","Food","'Food' es un término general que abarca cualquier tipo de alimento."
177,"A ella le gusta la comida italiana","She likes Italian food","Recuerda que el orden de las palabras es importante en inglés."
178,"Odiar (presente)","I hate, you hate, he/she hates, we hate, you hate, they hate","Ten en cuenta la conjugación en tercera persona."
179,"Mentira","Lie","'Lie' se refiere a una falsedad o algo engañoso."
180,"Ellos odian las mentiras","They hate lies","El uso del plural 'lies' es importante en este contexto."
181,"Amar (presente)","I love, you love, he/she loves, we love, you love, they love","Recuerda la conjugación en tercera persona."
182,"Familia","Family","'Family' se refiere a un grupo de personas relacionadas."
183,"Nosotros amamos a nuestra familia","We love our family","El uso de 'our' es esencial para indicar posesión."
184,"Necesitar (presente)","I need, you need, he/she needs, we need, you need, they need","Recuerda que 'need' es un verbo regular."
185,"Ayuda","Help","'Help' se refiere a asistencia o apoyo."
186,"Yo necesito ayuda","I need help","El uso de 'help' es necesario para expresar la necesidad."
187,"Querer (presente)","I want, you want, he/she wants, we want, you want, they want","Ten cuidado con la conjugación en tercera persona."
188,"Vacaciones","Vacation","'Vacation' se refiere a un tiempo de descanso o viajes."
189,"Ella quiere ir de vacaciones","She wants to go on vacation","El uso de 'to' es necesario para indicar la intención."
190,"Poder (presente)","I can, you can, he/she can, we can, you can, they can","'Can' se usa para expresar habilidad o posibilidad."
191,"Problema","Problem","'Problem' se refiere a un obstáculo o dificultad."
192,"Él puede resolver el problema","He can solve the problem","Recuerda que 'solve' es un verbo regular."
193,"Deber (presente)","I should, you should, he/she should, we should, you should, they should","'Should' expresa obligación o recomendación."
194,"Hora","Time","'Time' puede referirse a una medida de duración o momento."
195,"Ellos deben llegar a tiempo","They should arrive on time","El uso de 'on time' es crucial para indicar puntualidad."
196,"Parecer (presente)","I seem, you seem, he/she seems, we seem, you seem, they seem","Recuerda que 'seem' es un verbo regular."
197,"Cansado","Tired","'Tired' describe un estado de fatiga o agotamiento."
198,"Nosotros parecemos cansados","We seem tired","El uso de 'seem' es importante para expresar una percepción."
199,"Estar (presente)","I am, you are, he/she is, we are, you are, they are (temporary state)","'Am' y 'is' son formas irregulares del verbo 'to be'."
200,"Enfermo","Sick","'Sick' describe un estado de enfermedad o malestar."
"201","Yo estoy enfermo hoy","I am sick today","El presente continuo en inglés utiliza 'am' con el sujeto, lo que puede ser confuso si se compara con el uso más limitado en español."
"202","Llegar (presente)","I arrive, you arrive, he/she arrives, we arrive, you arrive, they arrive","El uso de la forma base del verbo en inglés para la primera persona singular y plural puede diferir del español donde se conjuga según el sujeto."
"203","Aeropuerto","Airport","El término 'airport' no tiene un acento ortográfico que podría causar confusión en español."
"204","Ella llega al aeropuerto","She arrives at the airport","En inglés, el artículo definido 'the' es obligatorio y no se traduce directamente al español en este contexto."
"205","Salir (presente)","I leave, you leave, he/she leaves, we leave, you leave, they leave","La tercera persona del singular en presente en inglés requiere agregar 's', lo cual no ocurre en español."
"206","Casa","House","La diferencia de género entre 'casa' (femenino en español) y 'house' (sin género en inglés) puede causar confusiones."
"207","Ellos salen de casa","They leave the house","La estructura del verbo 'leave' no cambia, a diferencia del español donde la conjugación depende del sujeto."
"208","Entrar (presente)","I enter, you enter, he/she enters, we enter, you enter, they enter","Al igual que 'leave', 'enter' mantiene la misma forma para todas las personas, lo que puede ser diferente para los hispanohablantes."
"209","Edificio","Building","No hay distinción de género en 'building', lo cual es diferente a cómo se clasifica 'edificio' en español."
"210","Nosotros entramos en el edificio","We enter the building","El uso de 'in' puede diferir en contexto; en español, se utiliza 'en', pero en inglés 'in' puede implicar algo diferente."
"211","Subir (presente)","I go up, you go up, he/she goes up, we go up, you go up, they go up","La forma del verbo cambia en tercera persona, añadiendo 's', lo que no ocurre en español."
"212","Escaleras","Stairs","El plural en inglés puede no ser tan obvio, ya que 'stairs' es un sustantivo plural que puede causar confusión."
"213","Él sube las escaleras","He goes up the stairs","El uso de 'the' en inglés implica especificidad, que puede no ser evidente en español."
"214","Bajar (presente)","I go down, you go down, he/she goes down, we go down, you go down, they go down","Igual que con 'go up', el verbo en tercera persona requiere 's', lo que es diferente al español."
"215","Ascensor","Elevator","'Elevator' es un término estadounidense; en inglés británico, se utiliza 'lift', lo que puede causar confusiones."
"216","Yo bajo en el ascensor","I go down in the elevator","La preposición 'in' se usa para indicar ubicación, lo cual es diferente del español donde se puede utilizar 'en'."
"217","Pedir (presente)","I ask for, you ask for, he/she asks for, we ask for, you ask for, they ask for","El uso de 'ask for' en inglés es más específico y puede no tener un equivalente directo en español."
"218","Menú","Menu","El acento en 'menu' no se utiliza en inglés, lo que podría dificultar la pronunciación para los hispanohablantes."
"219","Ella pide el menú","She asks for the menu","La estructura 'asks for' necesita una preposición que no se usa en la misma manera en español."
"220","Preguntar (presente)","I ask, you ask, he/she asks, we ask, you ask, they ask","Al igual que antes, la tercera persona del singular agrega 's', lo cual es una regla gramatical diferente."
"221","Pregunta","Question","'Question' no tiene un equivalente en género, lo cual puede ser confuso para los hispanohablantes."
"222","Ellos preguntan muchas cosas","They ask many things","En inglés, el uso de 'many' puede ser diferente al español donde se pueden usar otras palabras."
"223","Responder (presente)","I answer, you answer, he/she answers, we answer, you answer, they answer","La forma del verbo se mantiene constante en plural y singular, lo que puede ser diferente para los hablantes de español."
"224","Rápidamente","Quickly","La formación de adjetivos y adverbios en inglés puede ser confusa; 'quick' se convierte en 'quickly', pero no siempre sigue una regla clara."
"225","Nosotros respondemos rápidamente","We answer quickly","La estructura de la oración en inglés es más rígida, ya que la posición del adverbio es importante."
"226","Decir (presente)","I say, you say, he/she says, we say, you say, they say","La conjugación en tercera persona singular que añade 's' es una de las diferencias clave con el español."
"227","Verdad","Truth","La palabra 'truth' no tiene un acento, lo que podría complicar la pronunciación."
"228","Él dice la verdad","He says the truth","El uso de 'the' es necesario en inglés, a diferencia de cómo se puede expresar en español."
"229","Contar (presente)","I tell, you tell, he/she tells, we tell, you tell, they tell","El cambio de la forma del verbo en tercera persona puede causar confusiones."
"230","Cuento","Story","El término 'story' puede tener múltiples significados en inglés, lo que puede llevar a malentendidos."
"231","Yo cuento un cuento","I tell a story","El uso de 'a' implica que se refiere a uno específico, lo que no siempre se traduce al español."
"232","Explicar (presente)","I explain, you explain, he/she explains, we explain, you explain, they explain","La estructura de la oración es más directa en inglés, donde el sujeto y verbo son más estrictos."
"233","Idea","Idea","'Idea' tiene la misma forma en ambos idiomas, pero la pronunciación puede diferir."
"234","Ella explica su idea","She explains her idea","La necesidad de usar 'her' para posesión en inglés puede ser diferente al español."
"235","Entender (presente)","I understand, you understand, he/she understands, we understand, you understand, they understand","La tercera persona singular presenta la misma dificultad gramatical."
"236","Concepto","Concept","'Concept' no tiene distinción de género, lo que puede ser diferente para los hispanohablantes."
"237","Ellos entienden el concepto","They understand the concept","El uso de 'the' es clave en inglés para referirse a algo específico."
"238","Olvidar (pasado)","I forgot, you forgot, he/she forgot, we forgot, you forgot, they forgot","El pasado en inglés se forma irregularmente, a diferencia de las conjugaciones regulares en español."
"239","Cita","Appointment","'Appointment' no tiene un equivalente de género, lo que puede causar confusiones."
"240","Yo olvidé mi cita","I forgot my appointment","La estructura de 'my' es diferente a cómo se expresa la posesión en español."
"241","Recordar (pasado)","I remembered, you remembered, he/she remembered, we remembered, you remembered, they remembered","La forma regular de los verbos en pasado es diferente a los verbos irregulares en español."
"242","Aniversario","Anniversary","La pronunciación de 'anniversary' puede ser un desafío debido a su longitud."
"243","Nosotros recordamos nuestro aniversario","We remembered our anniversary","El uso de 'our' para posesión en inglés puede ser confuso."
"244","Comer (pasado)","I ate, you ate, he/she ate, we ate, you ate, they ate","El cambio de 'eat' a 'ate' es irregular, lo que puede ser un punto de confusión."
"245","Restaurante","Restaurant","El acento en 'restaurant' puede ser complicado para algunos hispanohablantes."
"246","Él comió en un restaurante","He ate at a restaurant","El uso de 'at' para indicar ubicación puede diferir del español."
"247","Beber (pasado)","I drank, you drank, he/she drank, we drank, you drank, they drank","La forma irregular del pasado 'drank' puede ser difícil de recordar."
"248","Jugo","Juice","La pronunciación de 'juice' puede no ser intuitiva para todos los hispanohablantes."
"249","Ella bebió jugo de naranja","She drank orange juice","El orden de los adjetivos y sustantivos es más flexible en español."
"250","Ir (pasado)","I went, you went, he/she went, we went, you went, they went","La irregularidad de 'go' a 'went' es un desafío común."
"251","Supermercado","Supermarket","La falta de un acento en 'supermarket' puede causar confusiones en la pronunciación."
"252","Ellos fueron al supermercado","They went to the supermarket","El uso de 'to' en inglés es esencial y no se traduce directamente en español."
"253","Comprar (pasado)","I bought, you bought, he/she bought, we bought, you bought, they bought","El cambio de 'buy' a 'bought' es irregular y puede ser difícil de recordar."
"254","Zapatos","Shoes","'Shoes' no tiene un equivalente de género, lo que puede confundir."
"255","Yo compré zapatos nuevos","I bought new shoes","El orden de los adjetivos en inglés es diferente al español; 'new shoes' se traduce directamente."
"256","Vender (pasado)","I sold, you sold, he/she sold, we sold, you sold, they sold","'Sold' es la forma irregular de 'sell', lo que puede ser confuso."
"257","Computadora","Computer","La pronunciación de 'computer' puede no ser obvia para los hispanohablantes."
"258","Nosotros vendimos nuestra computadora vieja","We sold our old computer","El uso de 'our' para indicar posesión es diferente al español."
"259","Trabajar (pasado)","I worked, you worked, he/she worked, we worked, you worked, they worked","La forma regular del pasado puede ser más fácil que los verbos irregulares."
"260","Proyecto","Project","La pronunciación de 'project' puede variar según el contexto (sustantivo vs. verbo)."
"261","Él trabajó en un proyecto importante","He worked on an important project","El uso de 'on' para indicar ubicación o contexto puede ser confuso."
"262","Estudiar (pasado)","I studied, you studied, he/she studied, we studied, you studied, they studied","La terminación '-ed' indica pasado, pero en español, se conjuga de manera diferente."
"263","Examen final","Final exam","El término 'final' se traduce directamente, pero la connotación puede variar."
"264","Ella estudió para el examen final","She studied for the final exam","El uso de 'for' es importante en inglés para indicar propósito, diferente del español."
"265","Viajar (pasado)","I traveled, you traveled, he/she traveled, we traveled, you traveled, they traveled","La doble 'l' en 'traveled' es una característica del inglés que puede ser confusa."
"266","Europa","Europe","La pronunciación de 'Europe' puede no ser intuitiva debido a su ortografía."
"267","Ellos viajaron por Europa","They traveled through Europe","El uso de 'through' puede diferir de 'por' en español, dependiendo del contexto."
"268","Llegar (pasado)","I arrived, you arrived, he/she arrived, we arrived, you arrived, they arrived","El uso del prefijo 'ar-' en la forma de pasado es importante y diferente al español."
"269","Tarde","Late","La pronunciación de 'late' puede ser confusa debido a su escritura simple."
"270","Yo llegué tarde a la reunión","I arrived late to the meeting","El uso de 'to' en inglés para indicar dirección es fundamental y no siempre se traduce directamente."
"271","Salir (pasado)","I left, you left, he/she left, we left, you left, they left","El pasado de 'leave' es irregular y puede causar confusión."
"272","Temprano","Early","'Early' puede no tener un acento, lo que podría dificultar su pronunciación."
"273","Nosotros salimos temprano de la oficina","We left the office early","La posición del adverbio 'early' en la oración es crucial para la claridad."
"274","Vivir (pasado)","I lived, you lived, he/she lived, we lived, you lived, they lived","La forma regular del pasado puede ser más fácil para los hablantes de español."
"275","País","Country","El término 'country' no tiene distinción de género, lo que es diferente en español."
"276","Él vivió en otro país por un año","He lived in another country for a year","El uso de 'for' en inglés para indicar duración es fundamental y puede diferir del español."
"277","Aprender (pasado)","I learned, you learned, he/she learned, we learned, you learned, they learned","El uso de 'learned' es la forma regular en inglés, a diferencia de 'aprendí' en español."
"278","Idioma nuevo","New language","La colocación de adjetivos en inglés es diferente, 'new' va antes del sustantivo."
"279","Ella aprendió un idioma nuevo","She learned a new language","La estructura de 'a new language' requiere el artículo que no siempre es obvio en español."
"280","Enseñar (pasado)","I taught, you taught, he/she taught, we taught, you taught, they taught","'Taught' es la forma irregular de 'teach', lo que puede ser complicado."
"281","Matemáticas","Mathematics","La palabra 'mathematics' es larga y puede ser difícil de pronunciar."
"282","Ellos enseñaron matemáticas en la escuela","They taught mathematics at school","La estructura de la oración requiere 'at' para indicar ubicación, lo que puede ser diferente en español."
"283","Hablar (futuro)","I will speak, you will speak, he/she will speak, we will speak, you will speak, they will speak","La estructura del futuro en inglés es diferente, usando 'will' antes del verbo."
"284","Conferencia","Conference","'Conference' tiene una pronunciación que puede ser difícil debido a su longitud."
"285","Yo hablaré en la conferencia mañana","I will speak at the conference tomorrow","El uso de 'at' para indicar el lugar de un evento es esencial."
"286","Escribir (futuro)","I will write, you will write, he/she will write, we will write, you will write, they will write","El futuro en inglés se forma añadiendo 'will' antes del verbo base."
"287","Libro","Book","'Book' no tiene un equivalente de género, lo que puede causar confusión."
"288","Nosotros escribiremos un libro juntos","We will write a book together","La estructura de 'together' al final de la oración puede diferir del español."
"289","Leer (futuro)","I will read, you will read, he/she will read, we will read, you will read, they will read","El futuro se forma de manera similar a otros verbos, utilizando 'will'."
"290","Novela","Novel","'Novel' no tiene distinción de género, lo que es diferente para los hispanohablantes."
"291","Él leerá la novela durante las vacaciones","He will read the novel during the vacation","La expresión 'during the vacation' es importante para indicar el tiempo."
"292","Cocinar (futuro)","I will cook, you will cook, he/she will cook, we will cook, you will cook, they will cook","La estructura de futuro es consistente y puede ser fácil de aprender."
"293","Cena especial","Special dinner","La colocación de adjetivos en inglés puede ser confusa; 'special' debe ir antes del sustantivo."
"294","Ella cocinará una cena especial para su familia","She will cook a special dinner for her family","El uso de 'for' indica propósito y es esencial en inglés."
"295","Viajar (futuro)","I will travel, you will travel, he/she will travel, we will travel, you will travel, they will travel","La forma de futuro con 'will' es un concepto que puede ser fácil de comprender."
"296","Alrededor del mundo","Around the world","La expresión puede ser confusa debido a las preposiciones en inglés."
"297","Ellos viajarán alrededor del mundo el próximo año","They will travel around the world next year","El uso de 'next year' indica un tiempo futuro y es crucial para la claridad."
"298","Trabajar (futuro)","I will work, you will work, he/she will work, we will work, you will work, they will work","El uso de 'will' es estándar para formar el futuro en inglés."
"299","Empresa internacional","International company","'International' tiene una pronunciación que puede ser complicada."
"300","Yo trabajaré para una empresa internacional","I will work for an international company","El uso de 'for' para indicar empleo es clave en inglés."
"Numéro","Espagnol","Anglais","Difficultés grammaticales en anglais"
"301","Estudiar (futuro)","I will study, you will study, he/she will study, we will study, you will study, they will study","El uso del futuro en inglés se forma con 'will' + verbo base, lo cual es diferente del español."
"302","Universidad extranjera","Foreign university","El adjetivo en inglés generalmente sigue al sustantivo, a diferencia del español."
"303","Nosotros estudiaremos en una universidad extranjera","We will study at a foreign university","En inglés, el sujeto es a menudo explícito, mientras que en español puede ser omitido."
"304","Comprar (futuro)","I will buy, you will buy, he/she will buy, we will buy, you will buy, they will buy","La forma del futuro en inglés se utiliza de manera similar al español, pero el sujeto siempre debe estar presente."
"305","Casa nueva","New house","El adjetivo en inglés no concuerda en género y número con el sustantivo como en español."
"306","Él comprará una casa nueva el próximo mes","He will buy a new house next month","El pronombre sujeto es necesario en inglés, a diferencia del español."
"307","Vender (futuro)","I will sell, you will sell, he/she will sell, we will sell, you will sell, they will sell","El futuro simple se forma de manera consistente en inglés, pero la estructura puede ser confusa al inicio."
"308","Negocio","Business","El plural en inglés puede ser diferente, por ejemplo, 'businesses' en vez de 'negocios'."
"309","Ella venderá su negocio el próximo año","She will sell her business next year","La posición del adverbio 'next year' al final de la oración es común en inglés."
"310","Aprender (futuro)","I will learn, you will learn, he/she will learn, we will learn, you will learn, they will learn","La forma verbal en inglés se mantiene constante a través de todos los sujetos, lo cual es diferente al español."
"311","Habilidad nueva","New skill","El orden de palabras en inglés es diferente, colocando el adjetivo antes del sustantivo."
"312","Ellos aprenderán una habilidad nueva en el trabajo","They will learn a new skill at work","El uso de 'will' para formar el futuro es diferente al español, que tiene conjugaciones específicas."
"313","Enseñar (futuro)","I will teach, you will teach, he/she will teach, we will teach, you will teach, they will teach","Recuerda que el sujeto es siempre obligatorio en inglés."
"314","Curso en línea","Online course","La estructura del inglés a menudo se basa en el uso de preposiciones que pueden diferir del español."
"315","Yo enseñaré un curso en línea sobre marketing","I will teach an online course about marketing","El uso de 'about' para indicar el tema puede ser confuso al principio."
"316","Vivir (futuro)","I will live, you will live, he/she will live, we will live, you will live, they will live","En inglés, la formación del futuro es sencilla, pero siempre debes recordar el uso de 'will'."
"317","Ciudad diferente","Different city","El adjetivo siempre precede al sustantivo en inglés."
"318","Nosotros viviremos en una ciudad diferente el próximo año","We will live in a different city next year","El tiempo futuro es directo en inglés, lo cual puede ser más simple que el español."
"319","Cambiar (futuro)","I will change, you will change, he/she will change, we will change, you will change, they will change","Asegúrate de mantener la estructura de sujeto + will + verbo base."
"320","Estilo de vida","Lifestyle","Recuerda que en inglés, no hay concordancia de género ni número en los adjetivos."
"321","Él cambiará su estilo de vida por razones de salud","He will change his lifestyle for health reasons","La estructura de la oración puede variar, y el adverbio puede cambiar de lugar."
"322","Mejorar (futuro)","I will improve, you will improve, he/she will improve, we will improve, you will improve, they will improve","El uso de 'will' es una constante en inglés, mientras que el español tiene diversas formas verbales."
"323","Habilidades de comunicación","Communication skills","El adjetivo 'communication' se coloca antes del sustantivo en inglés."
"324","Ella mejorará sus habilidades de comunicación","She will improve her communication skills","La posición de 'her' es diferente al uso de posesivos en español."
"325","Construir (futuro)","I will build, you will build, he/she will build, we will build, you will build, they will build","Recuerda siempre usar 'will' para todos los sujetos."
"326","Equipo fuerte","Strong team","Los adjetivos en inglés no cambian, por lo que 'strong' siempre se usa igual."
"327","Ellos construirán un equipo fuerte en la empresa","They will build a strong team in the company","El uso de 'in' puede ser diferente del español, donde se podría usar 'en la empresa'."
"328","Desarrollar (futuro)","I will develop, you will develop, he/she will develop, we will develop, you will develop, they will develop","El futuro se expresa de manera similar, pero recuerda la estructura del sujeto."
"329","Aplicación móvil","Mobile application","El orden de palabras es diferente, colocando 'mobile' antes de 'application'."
"330","Yo desarrollaré una aplicación móvil innovadora","I will develop an innovative mobile application","El uso de adjetivos antes de los sustantivos es esencial en inglés."
"331","Investigar (futuro)","I will research, you will research, he/she will research, we will research, you will research, they will research","Recuerda que el verbo siempre se mantiene en su forma base."
"332","Tema importante","Important topic","El adjetivo 'important' debe ir antes del sustantivo en inglés."
"333","Nosotros investigaremos un tema importante para nuestra tesis","We will research an important topic for our thesis","El uso de 'for' para indicar propósito puede ser confuso."
"334","Presentar (futuro)","I will present, you will present, he/she will present, we will present, you will present, they will present","El verbo en futuro requiere siempre 'will' seguido del verbo base."
"335","Resultados del proyecto","Project results","El plural en inglés se forma añadiendo 's' al final, lo que difiere del español."
"336","Él presentará los resultados del proyecto en la reunión","He will present the project results at the meeting","La preposición 'at' es crucial para indicar la ubicación."
"337","Organizar (futuro)","I will organize, you will organize, he/she will organize, we will organize, you will organize, they will organize","Siempre usa 'will' para todos los sujetos en inglés."
"338","Evento benéfico","Charity event","El adjetivo 'charity' precede al sustantivo, a diferencia del español."
"339","Ella organizará un evento benéfico para recaudar fondos","She will organize a charity event to raise funds","Recuerda que la estructura en inglés puede parecer diferente al español."
"340","Participar (futuro)","I will participate, you will participate, he/she will participate, we will participate, you will participate, they will participate","El futuro simple en inglés es fácil, pero asegúrate de usar 'will' correctamente."
"341","Competencia internacional","International competition","El adjetivo se coloca antes del sustantivo en inglés."
"342","Ellos participarán en una competencia internacional de debate","They will participate in an international debate competition","El uso de 'in' es común para indicar participación."
"343","Celebrar (futuro)","I will celebrate, you will celebrate, he/she will celebrate, we will celebrate, you will celebrate, they will celebrate","Recuerda usar 'will' seguido del verbo base para formar el futuro."
"344","Aniversario de bodas","Wedding anniversary","En inglés, los adjetivos no cambian según el género o número."
"345","Yo celebraré mi aniversario de bodas en París","I will celebrate my wedding anniversary in Paris","La preposición 'in' es crucial para lugares."
"346","Planear (futuro)","I will plan, you will plan, he/she will plan, we will plan, you will plan, they will plan","Asegúrate de seguir la estructura correcta en inglés."
"347","Viaje de negocios","Business trip","El adjetivo 'business' precede al sustantivo, que es una estructura común en inglés."
"348","Nosotros planearemos cuidadosamente nuestro próximo viaje de negocios","We will carefully plan our next business trip","La posición de 'carefully' antes del verbo es común en inglés."
"349","Invertir (futuro)","I will invest, you will invest, he/she will invest, we will invest, you will invest, they will invest","El futuro en inglés siempre se forma con 'will' seguido del verbo base."
"350","Mercado de valores","Stock market",""



