rank,word_es,word_en
1,Ser (presente),"I am, you are, he is, we are, you are, they are"
2,Yo,I
3,Tú,You (singular)
4,Él,He
5,Ella,She
6,Nosotros,We
7,Ellos,They
8,Hola,Hello
9,Adiós,Goodbye
10,Gracias,Thank you
11,Por favor,Please
12,Sí,Yes
13,No,No
14,Tener (presente),"I have, you have, he/she has, we have, you have, they have"
15,Libro,Book
16,Casa,House
17,Perro,Dog
18,Gato,Cat
19,Agua,Water
20,Comida,Food
21,Ir (presente),"I go, you go, he/she goes, we go, you go, they go"
22,Escuela,School
23,Trabajo,Work
24,Amigo,Friend
25,Familia,Family
26,Yo soy estudiante,I am a student
27,Él tiene un perro,He has a dog
28,Nosotros vamos a la escuela,We go to school
29,Comer (presente),"I eat, you eat, he/she eats, we eat, you eat, they eat"
30,Manzana,Apple
31,Pan,Bread
32,Leche,Milk
33,Ella come una manzana,She eats an apple
34,Ellos tienen leche,They have milk
35,Hablar (presente),"I speak, you speak, he/she speaks, we speak, you speak, they speak"
36,Inglés,English
37,Español,Spanish
38,Idioma,Language
39,Yo hablo español,I speak Spanish
40,Nosotros aprendemos inglés,We learn English
41,Hacer (presente),"I do/make, you do/make, he/she does/makes, we do/make, you do/make, they do/make"
42,Tarea,Homework
43,Ejercicio,Exercise
44,Trabajo,Work (noun)
45,Él hace su tarea,He does his homework
46,Ellas hacen ejercicio,They do exercise
47,Ver (presente),"I see, you see, he/she sees, we see, you see, they see"
48,Televisión,Television
49,Película,Movie
50,Nosotros vemos una película,We watch a movie
51,Escribir (presente),"I write, you write, he/she writes, we write, you write, they write"
52,Lápiz,Pencil
53,Papel,Paper
54,Carta,Letter
55,Ella escribe una carta,She writes a letter
56,Leer (presente),"I read, you read, he/she reads, we read, you read, they read"
57,Revista,Magazine
58,Periódico,Newspaper
59,Ellos leen el periódico,They read the newspaper
60,Jugar (presente),"I play, you play, he/she plays, we play, you play, they play"
61,Fútbol,Soccer
62,Baloncesto,Basketball
63,Nosotros jugamos fútbol,We play soccer
64,Comprar (presente),"I buy, you buy, he/she buys, we buy, you buy, they buy"
65,Tienda,Store
66,Ropa,Clothes
67,Ella compra ropa nueva,She buys new clothes
68,Vender (presente),"I sell, you sell, he/she sells, we sell, you sell, they sell"
69,Carro,Car
70,Bicicleta,Bicycle
71,Él vende su carro viejo,He sells his old car
72,Trabajar (presente),"I work, you work, he/she works, we work, you work, they work"
73,Oficina,Office
74,Empresa,Company
75,Ellos trabajan en una oficina grande,They work in a big office
76,Estudiar (presente),"I study, you study, he/she studies, we study, you study, they study"
77,Universidad,University
78,Examen,Exam
79,Yo estudio para el examen,I study for the exam
80,Cocinar (presente),"I cook, you cook, he/she cooks, we cook, you cook, they cook"
81,Cocina,Kitchen
82,Receta,Recipe
83,Ella cocina una nueva receta,She cooks a new recipe
84,Dormir (presente),"I sleep, you sleep, he/she sleeps, we sleep, you sleep, they sleep"
85,Cama,Bed
86,Almohada,Pillow
87,El niño duerme en su cama,The boy sleeps in his bed
88,Caminar (presente),"I walk, you walk, he/she walks, we walk, you walk, they walk"
89,Parque,Park
90,Calle,Street
91,Nosotros caminamos en el parque,We walk in the park
92,Correr (presente),"I run, you run, he/she runs, we run, you run, they run"
93,Maratón,Marathon
94,Ellos corren un maratón,They run a marathon
95,Nadar (presente),"I swim, you swim, he/she swims, we swim, you swim, they swim"
96,Piscina,Pool
97,Playa,Beach
98,Yo nado en la piscina,I swim in the pool
99,Cantar (presente),"I sing, you sing, he/she sings, we sing, you sing, they sing"
100,Canción,Song
101,Bailar (presente),"I dance, you dance, he/she dances, we dance, you dance, they dance"
102,Música,Music
103,Fiesta,Party
104,Ellos bailan en la fiesta,They dance at the party
105,Escuchar (presente),"I listen, you listen, he/she listens, we listen, you listen, they listen"
106,Radio,Radio
107,Ella escucha la radio,She listens to the radio
108,Viajar (presente),"I travel, you travel, he/she travels, we travel, you travel, they travel"
109,Avión,Airplane
110,Tren,Train
111,Nosotros viajamos en avión,We travel by plane
112,Conducir (presente),"I drive, you drive, he/she drives, we drive, you drive, they drive"
113,Autobús,Bus
114,Taxi,Taxi
115,Él conduce un taxi,He drives a taxi
116,Aprender (presente),"I learn, you learn, he/she learns, we learn, you learn, they learn"
117,Lección,Lesson
118,Profesor,Teacher
119,Yo aprendo una nueva lección,I learn a new lesson
120,Enseñar (presente),"I teach, you teach, he/she teaches, we teach, you teach, they teach"
121,Clase,Class
122,Estudiante,Student
123,Ella enseña inglés a los estudiantes,She teaches English to the students
124,Vivir (presente),"I live, you live, he/she lives, we live, you live, they live"
125,Apartamento,Apartment
126,Ciudad,City
127,Ellos viven en una gran ciudad,They live in a big city
128,Pagar (presente),"I pay, you pay, he/she pays, we pay, you pay, they pay"
129,Dinero,Money
130,Cuenta,Bill
131,Nosotros pagamos la cuenta,We pay the bill
132,Llamar (presente),"I call, you call, he/she calls, we call, you call, they call"
133,Teléfono,Phone
134,Número,Number
135,Él llama a su amigo,He calls his friend
136,Enviar (presente),"I send, you send, he/she sends, we send, you send, they send"
137,Correo electrónico,Email
138,Mensaje,Message
139,Yo envío un correo electrónico,I send an email
140,Recibir (presente),"I receive, you receive, he/she receives, we receive, you receive, they receive"
141,Paquete,Package
142,Regalo,Gift
143,Ella recibe un regalo,She receives a gift
144,Abrir (presente),"I open, you open, he/she opens, we open, you open, they open"
145,Puerta,Door
146,Ventana,Window
147,Ellos abren las ventanas,They open the windows
148,Cerrar (presente),"I close, you close, he/she closes, we close, you close, they close"
149,Tienda,Shop
150,La tienda cierra a las 9,The shop closes at 9
151,Comenzar (presente),"I start, you start, he/she starts, we start, you start, they start"
152,Proyecto,Project
153,Nosotros comenzamos un nuevo proyecto,We start a new project
154,Terminar (presente),"I finish, you finish, he/she finishes, we finish, you finish, they finish"
155,Tarea,Task
156,Él termina su tarea,He finishes his task
157,Olvidar (presente),"I forget, you forget, he/she forgets, we forget, you forget, they forget"
158,Llaves,Keys
159,Yo olvido mis llaves,I forget my keys
160,Recordar (presente),"I remember, you remember, he/she remembers, we remember, you remember, they remember"
161,Cumpleaños,Birthday
162,Ella recuerda mi cumpleaños,She remembers my birthday
163,Pensar (presente),"I think, you think, he/she thinks, we think, you think, they think"
164,Idea,Idea
165,Ellos piensan en una buena idea,They think of a good idea
166,Saber (presente),"I know, you know, he/she knows, we know, you know, they know"
167,Respuesta,Answer
168,Nosotros sabemos la respuesta,We know the answer
169,Creer (presente),"I believe, you believe, he/she believes, we believe, you believe, they believe"
170,Historia,Story
171,Yo creo su historia,I believe his story
172,Sentir (presente),"I feel, you feel, he/she feels, we feel, you feel, they feel"
173,Emoción,Emotion
174,Él se siente feliz,He feels happy
175,Gustar (presente),"I like, you like, he/she likes, we like, you like, they like"
176,Comida,Food
177,A ella le gusta la comida italiana,She likes Italian food
178,Odiar (presente),"I hate, you hate, he/she hates, we hate, you hate, they hate"
179,Mentira,Lie
180,Ellos odian las mentiras,They hate lies
181,Amar (presente),"I love, you love, he/she loves, we love, you love, they love"
182,Familia,Family
183,Nosotros amamos a nuestra familia,We love our family
184,Necesitar (presente),"I need, you need, he/she needs, we need, you need, they need"
185,Ayuda,Help
186,Yo necesito ayuda,I need help
187,Querer (presente),"I want, you want, he/she wants, we want, you want, they want"
188,Vacaciones,Vacation
189,Ella quiere ir de vacaciones,She wants to go on vacation
190,Poder (presente),"I can, you can, he/she can, we can, you can, they can"
191,Problema,Problem
192,Él puede resolver el problema,He can solve the problem
193,Deber (presente),"I should, you should, he/she should, we should, you should, they should"
194,Hora,Time
195,Ellos deben llegar a tiempo,They should arrive on time
196,Parecer (presente),"I seem, you seem, he/she seems, we seem, you seem, they seem"
197,Cansado,Tired
198,Nosotros parecemos cansados,We seem tired
199,Estar (presente),"I am, you are, he/she is, we are, you are, they are (temporary state)"
200,Enfermo,Sick
201,Yo estoy enfermo hoy,I am sick today
202,Llegar (presente),"I arrive, you arrive, he/she arrives, we arrive, you arrive, they arrive"
203,Aeropuerto,Airport
204,Ella llega al aeropuerto,She arrives at the airport
205,Salir (presente),"I leave, you leave, he/she leaves, we leave, you leave, they leave"
206,Casa,House
207,Ellos salen de casa,They leave the house
208,Entrar (presente),"I enter, you enter, he/she enters, we enter, you enter, they enter"
209,Edificio,Building
210,Nosotros entramos en el edificio,We enter the building
211,Subir (presente),"I go up, you go up, he/she goes up, we go up, you go up, they go up"
212,Escaleras,Stairs
213,Él sube las escaleras,He goes up the stairs
214,Bajar (presente),"I go down, you go down, he/she goes down, we go down, you go down, they go down"
215,Ascensor,Elevator
216,Yo bajo en el ascensor,I go down in the elevator
217,Pedir (presente),"I ask for, you ask for, he/she asks for, we ask for, you ask for, they ask for"
218,Menú,Menu
219,Ella pide el menú,She asks for the menu
220,Preguntar (presente),"I ask, you ask, he/she asks, we ask, you ask, they ask"
221,Pregunta,Question
222,Ellos preguntan muchas cosas,They ask many things
223,Responder (presente),"I answer, you answer, he/she answers, we answer, you answer, they answer"
224,Rápidamente,Quickly
225,Nosotros respondemos rápidamente,We answer quickly
226,Decir (presente),"I say, you say, he/she says, we say, you say, they say"
227,Verdad,Truth
228,Él dice la verdad,He says the truth
229,Contar (presente),"I tell, you tell, he/she tells, we tell, you tell, they tell"
230,Cuento,Story
231,Yo cuento un cuento,I tell a story
232,Explicar (presente),"I explain, you explain, he/she explains, we explain, you explain, they explain"
233,Idea,Idea
234,Ella explica su idea,She explains her idea
235,Entender (presente),"I understand, you understand, he/she understands, we understand, you understand, they understand"
236,Concepto,Concept
237,Ellos entienden el concepto,They understand the concept
238,Olvidar (pasado),"I forgot, you forgot, he/she forgot, we forgot, you forgot, they forgot"
239,Cita,Appointment
240,Yo olvidé mi cita,I forgot my appointment
241,Recordar (pasado),"I remembered, you remembered, he/she remembered, we remembered, you remembered, they remembered"
242,Aniversario,Anniversary
243,Nosotros recordamos nuestro aniversario,We remembered our anniversary
244,Comer (pasado),"I ate, you ate, he/she ate, we ate, you ate, they ate"
245,Restaurante,Restaurant
246,Él comió en un restaurante,He ate at a restaurant
247,Beber (pasado),"I drank, you drank, he/she drank, we drank, you drank, they drank"
248,Jugo,Juice
249,Ella bebió jugo de naranja,She drank orange juice
250,Ir (pasado),"I went, you went, he/she went, we went, you went, they went"
251,Supermercado,Supermarket
252,Ellos fueron al supermercado,They went to the supermarket
253,Comprar (pasado),"I bought, you bought, he/she bought, we bought, you bought, they bought"
254,Zapatos,Shoes
255,Yo compré zapatos nuevos,I bought new shoes
256,Vender (pasado),"I sold, you sold, he/she sold, we sold, you sold, they sold"
257,Computadora,Computer
258,Nosotros vendimos nuestra computadora vieja,We sold our old computer
259,Trabajar (pasado),"I worked, you worked, he/she worked, we worked, you worked, they worked"
260,Proyecto,Project
261,Él trabajó en un proyecto importante,He worked on an important project
262,Estudiar (pasado),"I studied, you studied, he/she studied, we studied, you studied, they studied"
263,Examen final,Final exam
264,Ella estudió para el examen final,She studied for the final exam
265,Viajar (pasado),"I traveled, you traveled, he/she traveled, we traveled, you traveled, they traveled"
266,Europa,Europe
267,Ellos viajaron por Europa,They traveled through Europe
268,Llegar (pasado),"I arrived, you arrived, he/she arrived, we arrived, you arrived, they arrived"
269,Tarde,Late
270,Yo llegué tarde a la reunión,I arrived late to the meeting
271,Salir (pasado),"I left, you left, he/she left, we left, you left, they left"
272,Temprano,Early
273,Nosotros salimos temprano de la oficina,We left the office early
274,Vivir (pasado),"I lived, you lived, he/she lived, we lived, you lived, they lived"
275,País,Country
276,Él vivió en otro país por un año,He lived in another country for a year
277,Aprender (pasado),"I learned, you learned, he/she learned, we learned, you learned, they learned"
278,Idioma nuevo,New language
279,Ella aprendió un idioma nuevo,She learned a new language
280,Enseñar (pasado),"I taught, you taught, he/she taught, we taught, you taught, they taught"
281,Matemáticas,Mathematics
282,Ellos enseñaron matemáticas en la escuela,They taught mathematics at school
283,Hablar (futuro),"I will speak, you will speak, he/she will speak, we will speak, you will speak, they will speak"
284,Conferencia,Conference
285,Yo hablaré en la conferencia mañana,I will speak at the conference tomorrow
286,Escribir (futuro),"I will write, you will write, he/she will write, we will write, you will write, they will write"
287,Libro,Book
288,Nosotros escribiremos un libro juntos,We will write a book together
289,Leer (futuro),"I will read, you will read, he/she will read, we will read, you will read, they will read"
290,Novela,Novel
291,Él leerá la novela durante las vacaciones,He will read the novel during the vacation
292,Cocinar (futuro),"I will cook, you will cook, he/she will cook, we will cook, you will cook, they will cook"
293,Cena especial,Special dinner
294,Ella cocinará una cena especial para su familia,She will cook a special dinner for her family
295,Viajar (futuro),"I will travel, you will travel, he/she will travel, we will travel, you will travel, they will travel"
296,Alrededor del mundo,Around the world
297,Ellos viajarán alrededor del mundo el próximo año,They will travel around the world next year
298,Trabajar (futuro),"I will work, you will work, he/she will work, we will work, you will work, they will work"
299,Empresa internacional,International company
300,Yo trabajaré para una empresa internacional,I will work for an international company
301,Estudiar (futuro),"I will study, you will study, he/she will study, we will study, you will study, they will study"
302,Universidad extranjera,Foreign university
303,Nosotros estudiaremos en una universidad extranjera,We will study at a foreign university
304,Comprar (futuro),"I will buy, you will buy, he/she will buy, we will buy, you will buy, they will buy"
305,Casa nueva,New house
306,Él comprará una casa nueva el próximo mes,He will buy a new house next month
307,Vender (futuro),"I will sell, you will sell, he/she will sell, we will sell, you will sell, they will sell"
308,Negocio,Business
309,Ella venderá su negocio el próximo año,She will sell her business next year
310,Aprender (futuro),"I will learn, you will learn, he/she will learn, we will learn, you will learn, they will learn"
311,Habilidad nueva,New skill
312,Ellos aprenderán una habilidad nueva en el trabajo,They will learn a new skill at work
313,Enseñar (futuro),"I will teach, you will teach, he/she will teach, we will teach, you will teach, they will teach"
314,Curso en línea,Online course
315,Yo enseñaré un curso en línea sobre marketing,I will teach an online course about marketing
316,Vivir (futuro),"I will live, you will live, he/she will live, we will live, you will live, they will live"
317,Ciudad diferente,Different city
318,Nosotros viviremos en una ciudad diferente el próximo año,We will live in a different city next year
319,Cambiar (futuro),"I will change, you will change, he/she will change, we will change, you will change, they will change"
320,Estilo de vida,Lifestyle
321,Él cambiará su estilo de vida por razones de salud,He will change his lifestyle for health reasons
322,Mejorar (futuro),"I will improve, you will improve, he/she will improve, we will improve, you will improve, they will improve"
323,Habilidades de comunicación,Communication skills
324,Ella mejorará sus habilidades de comunicación,She will improve her communication skills
325,Construir (futuro),"I will build, you will build, he/she will build, we will build, you will build, they will build"
326,Equipo fuerte,Strong team
327,Ellos construirán un equipo fuerte en la empresa,They will build a strong team in the company
328,Desarrollar (futuro),"I will develop, you will develop, he/she will develop, we will develop, you will develop, they will develop"
329,Aplicación móvil,Mobile application
330,Yo desarrollaré una aplicación móvil innovadora,I will develop an innovative mobile application
331,Investigar (futuro),"I will research, you will research, he/she will research, we will research, you will research, they will research"
332,Tema importante,Important topic
333,Nosotros investigaremos un tema importante para nuestra tesis,We will research an important topic for our thesis
334,Presentar (futuro),"I will present, you will present, he/she will present, we will present, you will present, they will present"
335,Resultados del proyecto,Project results
336,Él presentará los resultados del proyecto en la reunión,He will present the project results at the meeting
337,Organizar (futuro),"I will organize, you will organize, he/she will organize, we will organize, you will organize, they will organize"
338,Evento benéfico,Charity event
339,Ella organizará un evento benéfico para recaudar fondos,She will organize a charity event to raise funds
340,Participar (futuro),"I will participate, you will participate, he/she will participate, we will participate, you will participate, they will participate"
341,Competencia internacional,International competition
342,Ellos participarán en una competencia internacional de debate,They will participate in an international debate competition
343,Celebrar (futuro),"I will celebrate, you will celebrate, he/she will celebrate, we will celebrate, you will celebrate, they will celebrate"
344,Aniversario de bodas,Wedding anniversary
345,Yo celebraré mi aniversario de bodas en París,I will celebrate my wedding anniversary in Paris
346,Planear (futuro),"I will plan, you will plan, he/she will plan, we will plan, you will plan, they will plan"
347,Viaje de negocios,Business trip
348,Nosotros planearemos cuidadosamente nuestro próximo viaje de negocios,We will carefully plan our next business trip
349,Invertir (futuro),"I will invest, you will invest, he/she will invest, we will invest, you will invest, they will invest"
350,Mercado de valores,Stock market
351,Él invertirá en el mercado de valores por primera vez,He will invest in the stock market for the first time
352,Ahorrar (futuro),"I will save, you will save, he/she will save, we will save, you will save, they will save"
353,Dinero para la jubilación,Money for retirement
354,Ella ahorrará más dinero para su jubilación,She will save more money for her retirement
355,Expandir (futuro),"I will expand, you will expand, he/she will expand, we will expand, you will expand, they will expand"
356,Negocio familiar,Family business
357,Ellos expandirán su negocio familiar a otras ciudades,They will expand their family business to other cities
358,Renovar (futuro),"I will renovate, you will renovate, he/she will renovate, we will renovate, you will renovate, they will renovate"
359,Cocina antigua,Old kitchen
360,Yo renovaré mi cocina antigua el próximo verano,I will renovate my old kitchen next summer
361,Adoptar (futuro),"I will adopt, you will adopt, he/she will adopt, we will adopt, you will adopt, they will adopt"
362,Perro de un refugio,Shelter dog
363,Nosotros adoptaremos un perro de un refugio,We will adopt a dog from a shelter
364,Donar (futuro),"I will donate, you will donate, he/she will donate, we will donate, you will donate, they will donate"
365,Ropa usada,Used clothes
366,Él donará su ropa usada a una organización benéfica,He will donate his used clothes to a charity organization
367,Reciclar (futuro),"I will recycle, you will recycle, he/she will recycle, we will recycle, you will recycle, they will recycle"
368,Materiales plásticos,Plastic materials
369,Ella reciclará todos los materiales plásticos en su hogar,She will recycle all plastic materials in her home
370,Plantar (futuro),"I will plant, you will plant, he/she will plant, we will plant, you will plant, they will plant"
371,Árboles en el parque local,Trees in the local park
372,Ellos plantarán árboles en el parque local como voluntarios,They will plant trees in the local park as volunteers
373,Apoyar (futuro),"I will support, you will support, he/she will support, we will support, you will support, they will support"
374,Causa ambiental,Environmental cause
375,Yo apoyaré una causa ambiental importante,I will support an important environmental cause
376,Crear (futuro),"I will create, you will create, he/she will create, we will create, you will create, they will create"
377,Obra de arte única,Unique artwork
378,Nosotros crearemos una obra de arte única para la exposición,We will create a unique artwork for the exhibition
379,Dirigir (futuro),"I will direct, you will direct, he/she will direct, we will direct, you will direct, they will direct"
380,Película independiente,Independent film
381,Él dirigirá su primera película independiente,He will direct his first independent film
382,Componer (futuro),"I will compose, you will compose, he/she will compose, we will compose, you will compose, they will compose"
383,Canción original,Original song
384,Ella compondrá una canción original para el concierto benéfico,She will compose an original song for the charity concert
385,Publicar (futuro),"I will publish, you will publish, he/she will publish, we will publish, you will publish, they will publish"
386,Artículo científico,Scientific article
387,Ellos publicarán su artículo científico en una revista prestigiosa,They will publish their scientific article in a prestigious journal
388,Lanzar (futuro),"I will launch, you will launch, he/she will launch, we will launch, you will launch, they will launch"
389,Producto innovador,Innovative product
390,Yo lanzaré un producto innovador en el mercado,I will launch an innovative product in the market
391,Implementar (futuro),"I will implement, you will implement, he/she will implement, we will implement, you will implement, they will implement"
392,Sistema de gestión,Management system
393,Nosotros implementaremos un nuevo sistema de gestión en la empresa,We will implement a new management system in the company
394,Actualizar (futuro),"I will update, you will update, he/she will update, we will update, you will update, they will update"
395,Software obsoleto,Outdated software
396,Él actualizará el software obsoleto en todos los computadores,He will update the outdated software on all computers
397,Resolver (futuro),"I will solve, you will solve, he/she will solve, we will solve, you will solve, they will solve"
398,Problema complejo,Complex problem
399,Ella resolverá el problema complejo utilizando tecnología avanzada,She will solve the complex problem using advanced technology
400,Analizar (futuro),"I will analyze, you will analyze, he/she will analyze, we will analyze, you will analyze, they will analyze"
401,Datos del mercado,Market data
402,Ellos analizarán los datos del mercado para tomar decisiones informadas,They will analyze market data to make informed decisions
403,Colaborar (futuro),"I will collaborate, you will collaborate, he/she will collaborate, we will collaborate, you will collaborate, they will collaborate"
404,Equipo internacional,International team
405,Yo colaboraré con un equipo internacional en el próximo proyecto,I will collaborate with an international team on the next project
406,Negociar (futuro),"I will negotiate, you will negotiate, he/she will negotiate, we will negotiate, you will negotiate, they will negotiate"
407,Contrato importante,Important contract
408,Nosotros negociaremos un contrato importante con nuestros socios comerciales,We will negotiate an important contract with our business partners
409,Innovar (futuro),"I will innovate, you will innovate, he/she will innovate, we will innovate, you will innovate, they will innovate"
410,Sector tecnológico,Technology sector
411,Él innovará en el sector tecnológico con su nueva startup,He will innovate in the technology sector with his new startup
412,Optimizar (futuro),"I will optimize, you will optimize, he/she will optimize, we will optimize, you will optimize, they will optimize"
413,Procesos de producción,Production processes
414,Ella optimizará los procesos de producción para aumentar la eficiencia,She will optimize production processes to increase efficiency
415,Diversificar (futuro),"I will diversify, you will diversify, he/she will diversify, we will diversify, you will diversify, they will diversify"
416,Cartera de inversiones,Investment portfolio
417,Ellos diversificarán su cartera de inversiones para reducir riesgos,They will diversify their investment portfolio to reduce risks
418,Anticipar (futuro),"I will anticipate, you will anticipate, he/she will anticipate, we will anticipate, you will anticipate, they will anticipate"
419,Cambios en el mercado,Market changes
420,Yo anticiparé los cambios en el mercado para mantener nuestra ventaja competitiva,I will anticipate market changes to maintain our competitive advantage
421,Adaptar (futuro),"I will adapt, you will adapt, he/she will adapt, we will adapt, you will adapt, they will adapt"
422,Nuevas tecnologías,New technologies
423,Nosotros nos adaptaremos rápidamente a las nuevas tecnologías en nuestra industria,We will quickly adapt to new technologies in our industry
424,Ejecutar (futuro),"I will execute, you will execute, he/she will execute, we will execute, you will execute, they will execute"
425,Plan estratégico,Strategic plan
426,Él ejecutará el plan estratégico con precisión y eficacia,He will execute the strategic plan with precision and effectiveness
427,Supervisar (futuro),"I will supervise, you will supervise, he/she will supervise, we will supervise, you will supervise, they will supervise"
428,Equipo de desarrollo,Development team
429,Ella supervisará al equipo de desarrollo durante la fase crítica del proyecto,She will supervise the development team during the critical phase of the project
430,Coordinar (futuro),"I will coordinate, you will coordinate, he/she will coordinate, we will coordinate, you will coordinate, they will coordinate"
431,Esfuerzos de múltiples departamentos,Multi-department efforts
432,Ellos coordinarán los esfuerzos de múltiples departamentos para lograr los objetivos de la empresa,They will coordinate multi-department efforts to achieve company goals
433,Evaluar (futuro),"I will evaluate, you will evaluate, he/she will evaluate, we will evaluate, you will evaluate, they will evaluate"
434,Impacto ambiental,Environmental impact
435,Yo evaluaré el impacto ambiental de nuestras operaciones comerciales,I will evaluate the environmental impact of our business operations
436,Fomentar (futuro),"I will foster, you will foster, he/she will foster, we will foster, you will foster, they will foster"
437,Cultura de innovación,Culture of innovation
438,Nosotros fomentaremos una cultura de innovación en toda la organización,We will foster a culture of innovation throughout the organization
439,Priorizar (futuro),"I will prioritize, you will prioritize, he/she will prioritize, we will prioritize, you will prioritize, they will prioritize"
440,Tareas críticas,Critical tasks
441,Él priorizará las tareas críticas para cumplir con los plazos del proyecto,He will prioritize critical tasks to meet project deadlines
442,Empoderar (futuro),"I will empower, you will empower, he/she will empower, we will empower, you will empower, they will empower"
443,Empleados,Employees
444,Ella empoderará a los empleados para que tomen decisiones importantes,She will empower employees to make important decisions
445,Consolidar (futuro),"I will consolidate, you will consolidate, he/she will consolidate, we will consolidate, you will consolidate, they will consolidate"
446,Operaciones globales,Global operations
447,Ellos consolidarán sus operaciones globales para mejorar la eficiencia,They will consolidate their global operations to improve efficiency
448,Revolucionar (futuro),"I will revolutionize, you will revolutionize, he/she will revolutionize, we will revolutionize, you will revolutionize, they will revolutionize"
449,Industria de la moda,Fashion industry
450,Yo revolucionaré la industria de la moda con diseños sostenibles,I will revolutionize the fashion industry with sustainable designs
451,Transformar (futuro),"I will transform, you will transform, he/she will transform, we will transform, you will transform, they will transform"
452,Modelo de negocio,Business model
453,Nosotros transformaremos nuestro modelo de negocio para adaptarnos a la economía digital,We will transform our business model to adapt to the digital economy
454,Liderar (futuro),"I will lead, you will lead, he/she will lead, we will lead, you will lead, they will lead"
455,Iniciativa de sostenibilidad,Sustainability initiative
456,Él liderará una importante iniciativa de sostenibilidad en la industria,He will lead a major sustainability initiative in the industry
457,Redefinir (futuro),"I will redefine, you will redefine, he/she will redefine, we will redefine, you will redefine, they will redefine"
458,Estándares de calidad,Quality standards
459,Ella redefinirá los estándares de calidad en nuestra línea de productos,She will redefine quality standards in our product line
460,Influenciar (futuro),"I will influence, you will influence, he/she will influence, we will influence, you will influence, they will influence"
461,Políticas públicas,Public policies
462,Ellos influenciarán las políticas públicas a través de su investigación,They will influence public policies through their research
463,Maximizar (futuro),"I will maximize, you will maximize, he/she will maximize, we will maximize, you will maximize, they will maximize"
464,Retorno de inversión,Return on investment
465,Yo maximizaré el retorno de inversión implementando estrategias innovadoras,I will maximize the return on investment by implementing innovative strategies
466,Minimizar (futuro),"I will minimize, you will minimize, he/she will minimize, we will minimize, you will minimize, they will minimize"
467,Impacto negativo,Negative impact
468,Nosotros minimizaremos el impacto negativo de nuestras operaciones en el medio ambiente,We will minimize the negative impact of our operations on the environment
469,Proponer (futuro),"I will propose, you will propose, he/she will propose, we will propose, you will propose, they will propose"
470,Solución innovadora,Innovative solution
471,Él propondrá una solución innovadora para abordar el problema de la escasez de agua,He will propose an innovative solution to address the water scarcity problem
472,Generar (futuro),"I will generate, you will generate, he/she will generate, we will generate, you will generate, they will generate"
473,Energía renovable,Renewable energy
474,Ella generará energía renovable utilizando tecnología de punta,She will generate renewable energy using cutting-edge technology
475,Promocionar (futuro),"I will promote, you will promote, he/she will promote, we will promote, you will promote, they will promote"
476,Campaña de marketing,Marketing campaign
477,Ellos promocionarán el nuevo producto a través de una campaña de marketing innovadora,They will promote the new product through an innovative marketing campaign
478,Debatir (futuro),"I will debate, you will debate, he/she will debate, we will debate, you will debate, they will debate"
479,Temas controversiales,Controversial topics
480,Yo debatiré temas controversiales en el próximo foro político,I will debate controversial topics in the upcoming political forum
481,Mediar (futuro),"I will mediate, you will mediate, he/she will mediate, we will mediate, you will mediate, they will mediate"
482,Conflicto laboral,Labor dispute
483,Nosotros mediaremos en el conflicto laboral entre la empresa y el sindicato,We will mediate in the labor dispute between the company and the union
484,Arbitrar (futuro),"I will arbitrate, you will arbitrate, he/she will arbitrate, we will arbitrate, you will arbitrate, they will arbitrate"
485,Disputa comercial,Commercial dispute
486,Él arbitrará en la disputa comercial entre las dos corporaciones,He will arbitrate in the commercial dispute between the two corporations
487,Conciliar (futuro),"I will reconcile, you will reconcile, he/she will reconcile, we will reconcile, you will reconcile, they will reconcile"
488,Diferencias culturales,Cultural differences
489,Ella conciliará las diferencias culturales en el equipo internacional,She will reconcile cultural differences in the international team
490,Sintetizar (futuro),"I will synthesize, you will synthesize, he/she will synthesize, we will synthesize, you will synthesize, they will synthesize"
491,Información compleja,Complex information
492,Ellos sintetizarán la información compleja en un informe conciso,They will synthesize complex information into a concise report
493,Conceptualizar (futuro),"I will conceptualize, you will conceptualize, he/she will conceptualize, we will conceptualize, you will conceptualize, they will conceptualize"
494,Proyecto innovador,Innovative project
495,Yo conceptualizaré un proyecto innovador para mejorar la educación en áreas rurales,I will conceptualize an innovative project to improve education in rural areas
496,Abstraer (futuro),"I will abstract, you will abstract, he/she will abstract, we will abstract, you will abstract, they will abstract"
497,Principios fundamentales,Fundamental principles
498,Nosotros abstraeremos los principios fundamentales de los datos recopilados,We will abstract the fundamental principles from the collected data
499,Teorizar (futuro),"I will theorize, you will theorize, he/she will theorize, we will theorize, you will theorize, they will theorize"
500,Origen del universo,Origin of the universe
501,Él teorizará sobre el origen del universo basándose en nuevos descubrimientos,He will theorize about the origin of the universe based on new discoveries
502,Postular (futuro),"I will postulate, you will postulate, he/she will postulate, we will postulate, you will postulate, they will postulate"
503,Nueva hipótesis,New hypothesis
504,Ella postulará una nueva hipótesis sobre el funcionamiento de la memoria humana,She will postulate a new hypothesis about how human memory works
505,Deducir (futuro),"I will deduce, you will deduce, he/she will deduce, we will deduce, you will deduce, they will deduce"
506,Conclusiones lógicas,Logical conclusions
507,Ellos deducirán conclusiones lógicas basadas en la evidencia disponible,They will deduce logical conclusions based on the available evidence
508,Inducir (futuro),"I will induce, you will induce, he/she will induce, we will induce, you will induce, they will induce"
509,Patrón general,General pattern
510,Yo induciré un patrón general a partir de los casos observados,I will induce a general pattern from the observed cases
511,Inferir (futuro),"I will infer, you will infer, he/she will infer, we will infer, you will infer, they will infer"
512,Motivaciones subyacentes,Underlying motivations
513,Nosotros inferiremos las motivaciones subyacentes del comportamiento del consumidor,We will infer the underlying motivations of consumer behavior
514,Extrapolar (futuro),"I will extrapolate, you will extrapolate, he/she will extrapolate, we will extrapolate, you will extrapolate, they will extrapolate"
515,Tendencias futuras,Future trends
516,Él extrapolará las tendencias futuras del mercado basándose en datos históricos,He will extrapolate future market trends based on historical data
517,Correlacionar (futuro),"I will correlate, you will correlate, he/she will correlate, we will correlate, you will correlate, they will correlate"
518,Variables económicas,Economic variables
519,Ella correlacionará diferentes variables económicas para identificar patrones,She will correlate different economic variables to identify patterns
520,Diagnosticar (futuro),"I will diagnose, you will diagnose, he/she will diagnose, we will diagnose, you will diagnose, they will diagnose"
521,Problema sistémico,Systemic problem
522,Ellos diagnosticarán el problema sistémico en la organización,They will diagnose the systemic problem in the organization
523,Pronosticar (futuro),"I will forecast, you will forecast, he/she will forecast, we will forecast, you will forecast, they will forecast"
524,Condiciones económicas,Economic conditions
525,Yo pronosticaré las condiciones económicas para el próximo año fiscal,I will forecast economic conditions for the next fiscal year
526,Simular (futuro),"I will simulate, you will simulate, he/she will simulate, we will simulate, you will simulate, they will simulate"
527,Escenarios de crisis,Crisis scenarios
528,Nosotros simularemos varios escenarios de crisis para preparar a la empresa,We will simulate various crisis scenarios to prepare the company
529,Modelar (futuro),"I will model, you will model, he/she will model, we will model, you will model, they will model"
530,Comportamiento del mercado,Market behavior
531,Él modelará el comportamiento del mercado utilizando técnicas avanzadas,He will model market behavior using advanced techniques
532,Calibrar (futuro),"I will calibrate, you will calibrate, he/she will calibrate, we will calibrate, you will calibrate, they will calibrate"
533,Instrumentos de medición,Measuring instruments
534,Ella calibrará los instrumentos de medición para garantizar la precisión,She will calibrate the measuring instruments to ensure accuracy
535,Iterar (futuro),"I will iterate, you will iterate, he/she will iterate, we will iterate, you will iterate, they will iterate"
536,Proceso de diseño,Design process
537,Ellos iterarán el proceso de diseño hasta lograr el resultado deseado,They will iterate the design process until achieving the desired result
538,Prototipar (futuro),"I will prototype, you will prototype, he/she will prototype, we will prototype, you will prototype, they will prototype"
539,Nuevo dispositivo,New device
540,Yo prototiparé un nuevo dispositivo para mejorar la eficiencia energética,I will prototype a new device to improve energy efficiency
541,Escalar (futuro),"I will scale, you will scale, he/she will scale, we will scale, you will scale, they will scale"
542,Operaciones de negocio,Business operations
543,Nosotros escalaremos las operaciones de negocio para satisfacer la demanda creciente,We will scale business operations to meet growing demand
544,Monetizar (futuro),"I will monetize, you will monetize, he/she will monetize, we will monetize, you will monetize, they will monetize"
545,Plataforma en línea,Online platform
546,Él monetizará la plataforma en línea a través de publicidad dirigida,He will monetize the online platform through targeted advertising
547,Digitalizar (futuro),"I will digitize, you will digitize, he/she will digitize, we will digitize, you will digitize, they will digitize"
548,Archivos antiguos,Old files
549,Ella digitalizará los archivos antiguos para mejorar la accesibilidad,She will digitize old files to improve accessibility
550,Automatizar (futuro),"I will automate, you will automate, he/she will automate, we will automate, you will automate, they will automate"
551,Procesos repetitivos,Repetitive processes
552,Ellos automatizarán los procesos repetitivos para aumentar la productividad,They will automate repetitive processes to increase productivity
553,Virtualizar (futuro),"I will virtualize, you will virtualize, he/she will virtualize, we will virtualize, you will virtualize, they will virtualize"
554,Infraestructura de TI,IT infrastructure
555,Yo virtualizaré la infraestructura de TI para reducir costos operativos,I will virtualize the IT infrastructure to reduce operational costs
556,Gamificar (futuro),"I will gamify, you will gamify, he/she will gamify, we will gamify, you will gamify, they will gamify"
557,Programa de formación,Training program
558,Nosotros gamificaremos el programa de formación para aumentar el compromiso,We will gamify the training program to increase engagement
559,Crowdsourcear (futuro),"I will crowdsource, you will crowdsource, he/she will crowdsource, we will crowdsource, you will crowdsource, they will crowdsource"
560,Soluciones innovadoras,Innovative solutions
561,Él crowdsourceará soluciones innovadoras para desafíos empresariales,He will crowdsource innovative solutions for business challenges
562,Hackear (futuro),"I will hack, you will hack, he/she will hack, we will hack, you will hack, they will hack"
563,Sistema de seguridad,Security system
564,Ella hackeará éticamente el sistema de seguridad para identificar vulnerabilidades,She will ethically hack the security system to identify vulnerabilities
565,Debuggear (futuro),"I will debug, you will debug, he/she will debug, we will debug, you will debug, they will debug"
566,Código complejo,Complex code
567,Ellos debuggearán el código complejo para eliminar errores,They will debug the complex code to eliminate errors
568,Refactorizar (futuro),"I will refactor, you will refactor, he/she will refactor, we will refactor, you will refactor, they will refactor"
569,Base de código heredada,Legacy codebase
570,Yo refactorizaré la base de código heredada para mejorar la mantenibilidad,I will refactor the legacy codebase to improve maintainability
571,Deployar (futuro),"I will deploy, you will deploy, he/she will deploy, we will deploy, you will deploy, they will deploy"
572,Nueva aplicación,New application
573,Nosotros deployaremos la nueva aplicación en la nube,We will deploy the new application to the cloud
574,Migrar (futuro),"I will migrate, you will migrate, he/she will migrate, we will migrate, you will migrate, they will migrate"
575,Datos a la nube,Data to the cloud
576,Él migrará todos los datos a la nube para mejorar la accesibilidad,He will migrate all data to the cloud to improve accessibility
577,Sincronizar (futuro),"I will synchronize, you will synchronize, he/she will synchronize, we will synchronize, you will synchronize, they will synchronize"
578,Dispositivos móviles,Mobile devices
579,Ella sincronizará todos los dispositivos móviles con el servidor central,She will synchronize all mobile devices with the central server
580,Encriptar (futuro),"I will encrypt, you will encrypt, he/she will encrypt, we will encrypt, you will encrypt, they will encrypt"
581,Datos sensibles,Sensitive data
582,Ellos encriptarán todos los datos sensibles para garantizar la seguridad,They will encrypt all sensitive data to ensure security
583,Descentralizar (futuro),"I will decentralize, you will decentralize, he/she will decentralize, we will decentralize, you will decentralize, they will decentralize"
584,Estructura organizativa,Organizational structure
585,Yo descentralizaré la estructura organizativa para fomentar la innovación,I will decentralize the organizational structure to foster innovation
586,Desintermediación (futuro),"I will disintermediate, you will disintermediate, he/she will disintermediate, we will disintermediate, you will disintermediate, they will disintermediate"
587,Cadena de suministro,Supply chain
588,Nosotros desintermediatizaremos la cadena de suministro para reducir costos,We will disintermediate the supply chain to reduce costs
589,Pivotear (futuro),"I will pivot, you will pivot, he/she will pivot, we will pivot, you will pivot, they will pivot"
590,Modelo de negocio,Business model
591,Él pivoteará el modelo de negocio en respuesta a las cambiantes condiciones del mercado,He will pivot the business model in response to changing market conditions
592,Disrumpir (futuro),"I will disrupt, you will disrupt, he/she will disrupt, we will disrupt, you will disrupt, they will disrupt"
593,Industria tradicional,Traditional industry
594,Ella disrumpirá la industria tradicional con una solución tecnológica innovadora,She will disrupt the traditional industry with an innovative technological solution
595,Hackathonear (futuro),"I will hackathon, you will hackathon, he/she will hackathon, we will hackathon, you will hackathon, they will hackathon"
596,Soluciones creativas,Creative solutions
597,Ellos hackathonearán para generar soluciones creativas a problemas urbanos,They will hackathon to generate creative solutions to urban problems
598,Ser (presente perfecto),"I have been, you have been, he/she has been, we have been, you have been, they have been"
599,Estudiante por cinco años,A student for five years
600,Yo he sido estudiante por cinco años,I have been a student for five years
601,Tener (presente perfecto),"I have had, you have had, he/she has had, we have had, you have had, they have had"
602,El mismo trabajo,The same job
603,Nosotros hemos tenido el mismo trabajo por una década,We have had the same job for a decade
604,Ir (presente perfecto),"I have gone, you have gone, he/she has gone, we have gone, you have gone, they have gone"
605,A muchos países,To many countries
606,Él ha ido a muchos países en su vida,He has gone to many countries in his life
607,Hacer (presente perfecto),"I have done, you have done, he/she has done, we have done, you have done, they have done"
608,Mucho progreso,A lot of progress
609,Ella ha hecho mucho progreso en su carrera,She has done a lot of progress in her career
610,Ver (presente perfecto),"I have seen, you have seen, he/she has seen, we have seen, you have seen, they have seen"
611,Muchas películas clásicas,Many classic movies
612,Ellos han visto muchas películas clásicas este año,They have seen many classic movies this year
613,Comer (presente perfecto),"I have eaten, you have eaten, he/she has eaten, we have eaten, you have eaten, they have eaten"
614,En restaurantes famosos,At famous restaurants
615,Yo he comido en restaurantes famosos de todo el mundo,I have eaten at famous restaurants around the world
616,Beber (presente perfecto),"I have drunk, you have drunk, he/she has drunk, we have drunk, you have drunk, they have drunk"
617,Demasiado café,Too much coffee
618,Nosotros hemos bebido demasiado café esta semana,We have drunk too much coffee this week
619,Leer (presente perfecto),"I have read, you have read, he/she has read, we have read, you have read, they have read"
620,Muchos libros de ciencia ficción,Many science fiction books
621,Él ha leído muchos libros de ciencia ficción este mes,He has read many science fiction books this month
622,Escribir (presente perfecto),"I have written, you have written, he/she has written, we have written, you have written, they have written"
623,Un informe detallado,A detailed report
624,Ella ha escrito un informe detallado sobre el proyecto,She has written a detailed report about the project
625,Hablar (presente perfecto),"I have spoken, you have spoken, he/she has spoken, we have spoken, you have spoken, they have spoken"
626,Con muchas personas interesantes,To many interesting people
627,Ellos han hablado con muchas personas interesantes en la conferencia,They have spoken to many interesting people at the conference
628,Comprar (presente perfecto),"I have bought, you have bought, he/she has bought, we have bought, you have bought, they have bought"
629,Una casa nueva,A new house
630,Yo he comprado una casa nueva en el centro de la ciudad,I have bought a new house in the city center
631,Vender (presente perfecto),"I have sold, you have sold, he/she has sold, we have sold, you have sold, they have sold"
632,Todas las entradas,All the tickets
633,Nosotros hemos vendido todas las entradas para el concierto,We have sold all the tickets for the concert
634,Aprender (presente perfecto),"I have learned, you have learned, he/she has learned, we have learned, you have learned, they have learned"
635,Mucho sobre la cultura local,A lot about the local culture
636,Él ha aprendido mucho sobre la cultura local durante su viaje,He has learned a lot about the local culture during his trip
637,Enseñar (presente perfecto),"I have taught, you have taught, he/she has taught, we have taught, you have taught, they have taught"
638,Inglés por muchos años,English for many years
639,Ella ha enseñado inglés por muchos años en diferentes países,She has taught English for many years in different countries
640,Viajar (presente perfecto),"I have traveled, you have traveled, he/she has traveled, we have traveled, you have traveled, they have traveled"
641,A todos los continentes,To all continents
642,Ellos han viajado a todos los continentes excepto la Antártida,They have traveled to all continents except Antarctica
643,Trabajar (presente perfecto),"I have worked, you have worked, he/she has worked, we have worked, you have worked, they have worked"
644,En muchas industrias diferentes,In many different industries
645,Yo he trabajado en muchas industrias diferentes a lo largo de mi carrera,I have worked in many different industries throughout my career
646,Estudiar (presente perfecto),"I have studied, you have studied, he/she has studied, we have studied, you have studied, they have studied"
647,Tres idiomas diferentes,Three different languages
648,Nosotros hemos estudiado tres idiomas diferentes en la universidad,We have studied three different languages at university
649,Vivir (presente perfecto),"I have lived, you have lived, he/she has lived, we have lived, you have lived, they have lived"
650,En varios países,In several countries
651,Él ha vivido en varios países durante los últimos diez años,He has lived in several countries over the last ten years
652,Cocinar (presente perfecto),"I have cooked, you have cooked, he/she has cooked, we have cooked, you have cooked, they have cooked"
653,Muchos platos tradicionales,Many traditional dishes
654,Ella ha cocinado muchos platos tradicionales de diferentes culturas,She has cooked many traditional dishes from different cultures
655,Jugar (presente perfecto),"I have played, you have played, he/she has played, we have played, you have played, they have played"
656,En varios equipos profesionales,For several professional teams
657,Ellos han jugado en varios equipos profesionales durante su carrera,They have played for several professional teams during their career
658,Ganar (presente perfecto),"I have won, you have won, he/she has won, we have won, you have won, they have won"
659,Muchos premios importantes,Many important awards
660,Yo he ganado muchos premios importantes en mi campo,I have won many important awards in my field
661,Perder (presente perfecto),"I have lost, you have lost, he/she has lost, we have lost, you have lost, they have lost"
662,Algunas oportunidades valiosas,Some valuable opportunities
663,Nosotros hemos perdido algunas oportunidades valiosas debido a la falta de preparación,We have lost some valuable opportunities due to lack of preparation
664,Encontrar (presente perfecto),"I have found, you have found, he/she has found, we have found, you have found, they have found"
665,La solución perfecta,The perfect solution
666,Él ha encontrado la solución perfecta para el problema,He has found the perfect solution to the problem
667,Olvidar (presente perfecto),"I have forgotten, you have forgotten, he/she has forgotten, we have forgotten, you have forgotten, they have forgotten"
668,La contraseña,The password
669,Ella ha olvidado la contraseña de su cuenta de correo electrónico,She has forgotten the password to her email account
670,Recordar (presente perfecto),"I have remembered, you have remembered, he/she has remembered, we have remembered, you have remembered, they have remembered"
671,Todos los detalles importantes,All the important details
672,Ellos han recordado todos los detalles importantes para la presentación,They have remembered all the important details for the presentation
673,Romper (presente perfecto),"I have broken, you have broken, he/she has broken, we have broken, you have broken, they have broken"
674,El récord mundial,The world record